{
    "metrics": {
        "http_req_failed": {
            "passes": 76108,
            "fails": 0,
            "thresholds": {
                "rate<0.01": true
            },
            "value": 1
        },
        "http_req_connecting": {
            "p(95)": 0,
            "avg": 0.037717874599253666,
            "min": 0,
            "med": 0,
            "max": 19.007,
            "p(90)": 0
        },
        "http_req_tls_handshaking": {
            "max": 25.78,
            "p(90)": 0,
            "p(95)": 0,
            "avg": 0.08291400378409625,
            "min": 0,
            "med": 0
        },
        "data_received": {
            "count": 44868624,
            "rate": 11110.76948223527
        },
        "http_req_duration": {
            "p(90)": 26083.6465,
            "p(95)": 30343.1587,
            "avg": 12539.935689257276,
            "min": 346.961,
            "med": 11123.876,
            "max": 60000.564,
            "thresholds": {
                "p(99)<10000": true
            }
        },
        "data_sent": {
            "count": 18999874,
            "rate": 4704.918524033975
        },
        "http_req_sending": {
            "avg": 0.13489623955431823,
            "min": 0.017,
            "med": 0.123,
            "max": 6.708,
            "p(90)": 0.225,
            "p(95)": 0.26
        },
        "http_req_receiving": {
            "med": 2.168,
            "max": 66.311,
            "p(90)": 2.31,
            "p(95)": 2.341,
            "avg": 1.607490552898505,
            "min": 0
        },
        "dropped_iterations": {
            "count": 34019,
            "rate": 8.424088668646528
        },
        "iterations": {
            "count": 76108,
            "rate": 18.846542825872305
        },
        "http_req_waiting": {
            "min": 344.562,
            "med": 11122.5,
            "max": 60000.454,
            "p(90)": 26082.546400000003,
            "p(95)": 30340.4135,
            "avg": 12538.19330246499
        },
        "vus": {
            "max": 400,
            "value": 398,
            "min": 3
        },
        "http_reqs": {
            "count": 76108,
            "rate": 18.846542825872305
        },
        "checks": {
            "passes": 0,
            "fails": 230644,
            "value": 0
        },
        "http_req_duration{endpoint:sync_run}": {
            "p(90)": 29778.5783,
            "p(95)": 33127.53674999999,
            "avg": 14374.135399270612,
            "min": 351.987,
            "med": 13660.361499999999,
            "max": 60000.564,
            "thresholds": {
                "p(99)<5000": true
            }
        },
        "http_req_duration{endpoint:batch}": {
            "avg": 10778.381084229879,
            "min": 351.594,
            "med": 10179.223,
            "max": 43948.695,
            "p(90)": 21897.355600000003,
            "p(95)": 23497.195699999993,
            "thresholds": {
                "p(99)<2000": true
            }
        },
        "iteration_duration": {
            "min": 347.25,
            "med": 11125.31475,
            "max": 60001.261083,
            "p(90)": 26084.6085668,
            "p(95)": 30343.746262700002,
            "avg": 12540.47982512178
        },
        "http_req_duration{endpoint:conversation}": {
            "min": 354.748,
            "med": 9514.583999999999,
            "max": 40606.99,
            "p(90)": 21812.287500000002,
            "p(95)": 23390.5895,
            "avg": 10566.433075161398,
            "thresholds": {
                "p(99)<5000": true
            }
        },
        "http_req_blocked": {
            "med": 0.001,
            "max": 53.162,
            "p(90)": 0.001,
            "p(95)": 0.001,
            "avg": 0.12254078414896469,
            "min": 0
        },
        "http_req_waiting{endpoint:stream_run}": {
            "min": 344.562,
            "med": 9443.154,
            "max": 45821.088,
            "p(90)": 21658.973,
            "p(95)": 23368.3942,
            "avg": 10491.869433864627,
            "thresholds": {
                "p(99)<3000": true
            }
        },
        "vus_max": {
            "value": 400,
            "min": 160,
            "max": 400
        }
    },
    "root_group": {
        "name": "",
        "path": "",
        "id": "d41d8cd98f00b204e9800998ecf8427e",
        "groups": {},
        "checks": {
                "stream_run: status 200": {
                    "name": "stream_run: status 200",
                    "path": "::stream_run: status 200",
                    "id": "907d5873be7837df62a95d8b680f1e81",
                    "passes": 0,
                    "fails": 19513
                },
                "stream_run: content-type is SSE": {
                    "id": "8133e0fe527e225e048d4092444fcab5",
                    "passes": 0,
                    "fails": 19513,
                    "name": "stream_run: content-type is SSE",
                    "path": "::stream_run: content-type is SSE"
                },
                "conversation: status 201": {
                    "passes": 0,
                    "fails": 6506,
                    "name": "conversation: status 201",
                    "path": "::conversation: status 201",
                    "id": "f7491e23843fd0edb1bd5fe5de7186c1"
                },
                "conversation: has conversation_id": {
                    "path": "::conversation: has conversation_id",
                    "id": "45bba26a76dea4996377287b181ccdab",
                    "passes": 0,
                    "fails": 6506,
                    "name": "conversation: has conversation_id"
                },
                "sync_run: status 200": {
                    "name": "sync_run: status 200",
                    "path": "::sync_run: status 200",
                    "id": "003dccf21cdd7d36bd51790604e629a8",
                    "passes": 0,
                    "fails": 39214
                },
                "sync_run: has output": {
                    "name": "sync_run: has output",
                    "path": "::sync_run: has output",
                    "id": "5e90519a790524ac4b22a5880d2b1dc0",
                    "passes": 0,
                    "fails": 39214
                },
                "sync_run: has session_id": {
                    "id": "de853c8773638e23ca6adcae0673726f",
                    "passes": 0,
                    "fails": 39214,
                    "name": "sync_run: has session_id",
                    "path": "::sync_run: has session_id"
                },
                "sync_run: has cost_usd": {
                    "name": "sync_run: has cost_usd",
                    "path": "::sync_run: has cost_usd",
                    "id": "c575b352444d8120ddb2c8733186c282",
                    "passes": 0,
                    "fails": 39214
                },
                "batch: status 202": {
                    "name": "batch: status 202",
                    "path": "::batch: status 202",
                    "id": "6f74c64072c07a7458281f5e8fcf14f2",
                    "passes": 0,
                    "fails": 10875
                },
                "batch: has batch_id": {
                    "id": "85f081d3736c0ea97e0ec2db6d12a3de",
                    "passes": 0,
                    "fails": 10875,
                    "name": "batch: has batch_id",
                    "path": "::batch: has batch_id"
                }
            }
    }
}